{
    "name": "root",
    "gauges": {
        "CarBehavior.Policy.Entropy.mean": {
            "value": 1.27250075340271,
            "min": 1.2724225521087646,
            "max": 1.4235694408416748,
            "count": 150
        },
        "CarBehavior.Policy.Entropy.sum": {
            "value": 12703.375,
            "min": 12411.0986328125,
            "max": 15286.22265625,
            "count": 150
        },
        "CarBehavior.Step.mean": {
            "value": 1499941.0,
            "min": 9984.0,
            "max": 1499941.0,
            "count": 150
        },
        "CarBehavior.Step.sum": {
            "value": 1499941.0,
            "min": 9984.0,
            "max": 1499941.0,
            "count": 150
        },
        "CarBehavior.Policy.ExtrinsicValueEstimate.mean": {
            "value": 598.7391357421875,
            "min": -173.28562927246094,
            "max": 605.7467041015625,
            "count": 150
        },
        "CarBehavior.Policy.ExtrinsicValueEstimate.sum": {
            "value": 101186.9140625,
            "min": -27379.12890625,
            "max": 101573.671875,
            "count": 150
        },
        "CarBehavior.IsTraining.mean": {
            "value": 1.0,
            "min": 1.0,
            "max": 1.0,
            "count": 150
        },
        "CarBehavior.IsTraining.sum": {
            "value": 1.0,
            "min": 1.0,
            "max": 1.0,
            "count": 150
        },
        "CarBehavior.Losses.PolicyLoss.mean": {
            "value": 0.017759235302219168,
            "min": 0.011237178808878525,
            "max": 0.021112734402995558,
            "count": 72
        },
        "CarBehavior.Losses.PolicyLoss.sum": {
            "value": 0.017759235302219168,
            "min": 0.011237178808878525,
            "max": 0.021112734402995558,
            "count": 72
        },
        "CarBehavior.Losses.ValueLoss.mean": {
            "value": 6832.91689453125,
            "min": 39.0892431640625,
            "max": 7020.7621875,
            "count": 72
        },
        "CarBehavior.Losses.ValueLoss.sum": {
            "value": 6832.91689453125,
            "min": 39.0892431640625,
            "max": 7020.7621875,
            "count": 72
        },
        "CarBehavior.Policy.LearningRate.mean": {
            "value": 4.086498637866679e-06,
            "min": 4.086498637866679e-06,
            "max": 0.000295776001408,
            "count": 72
        },
        "CarBehavior.Policy.LearningRate.sum": {
            "value": 4.086498637866679e-06,
            "min": 4.086498637866679e-06,
            "max": 0.000295776001408,
            "count": 72
        },
        "CarBehavior.Policy.Epsilon.mean": {
            "value": 0.10204320000000001,
            "min": 0.10204320000000001,
            "max": 0.24788800000000002,
            "count": 72
        },
        "CarBehavior.Policy.Epsilon.sum": {
            "value": 0.10204320000000001,
            "min": 0.10204320000000001,
            "max": 0.24788800000000002,
            "count": 72
        },
        "CarBehavior.Policy.Beta.mean": {
            "value": 0.00010521312000000029,
            "min": 0.00010521312000000029,
            "max": 0.006901580799999999,
            "count": 72
        },
        "CarBehavior.Policy.Beta.sum": {
            "value": 0.00010521312000000029,
            "min": 0.00010521312000000029,
            "max": 0.006901580799999999,
            "count": 72
        },
        "CarBehavior.Environment.EpisodeLength.mean": {
            "value": 352.13793103448273,
            "min": 107.72619047619048,
            "max": 4761.333333333333,
            "count": 138
        },
        "CarBehavior.Environment.EpisodeLength.sum": {
            "value": 10212.0,
            "min": 2474.0,
            "max": 31291.0,
            "count": 138
        },
        "CarBehavior.Environment.CumulativeReward.mean": {
            "value": 1369.435091873695,
            "min": -14639.93053706487,
            "max": 1500.4549840844195,
            "count": 138
        },
        "CarBehavior.Environment.CumulativeReward.sum": {
            "value": 39713.61766433716,
            "min": -103861.0653629303,
            "max": 42606.93364095688,
            "count": 138
        },
        "CarBehavior.Policy.ExtrinsicReward.mean": {
            "value": 1095.5480851798222,
            "min": -11711.944667816162,
            "max": 1200.3640108523161,
            "count": 138
        },
        "CarBehavior.Policy.ExtrinsicReward.sum": {
            "value": 31770.894470214844,
            "min": -83088.85353755951,
            "max": 34085.54747200012,
            "count": 138
        }
    },
    "metadata": {
        "timer_format_version": "0.1.0",
        "start_time_seconds": "1744218731",
        "python_version": "3.10.11 (tags/v3.10.11:7d4cc5a, Apr  5 2023, 00:38:17) [MSC v.1929 64 bit (AMD64)]",
        "command_line_arguments": "F:\\Final Year Project\\venv310\\Scripts\\mlagents-learn --run-id=EvalTrain_0p --env=Builds\\Phase2\\0% Configs\\Main Phases\\ppo.yaml --num-envs=25 --no-graphics --force",
        "mlagents_version": "1.1.0",
        "mlagents_envs_version": "1.1.0",
        "communication_protocol_version": "1.5.0",
        "pytorch_version": "2.5.1+cu124",
        "numpy_version": "1.23.5",
        "end_time_seconds": "1744222943"
    },
    "total": 4212.10470690002,
    "count": 1,
    "self": 10.33329970005434,
    "children": {
        "run_training.setup": {
            "total": 4.810997899970971,
            "count": 1,
            "self": 4.810997899970971
        },
        "TrainerController.start_learning": {
            "total": 4196.960409299994,
            "count": 1,
            "self": 3.8416206935653463,
            "children": {
                "TrainerController._reset_env": {
                    "total": 14.2760037999833,
                    "count": 1,
                    "self": 14.2760037999833
                },
                "TrainerController.advance": {
                    "total": 4178.684128306457,
                    "count": 62530,
                    "self": 1.1161652015289292,
                    "children": {
                        "env_step": {
                            "total": 3723.2123683041427,
                            "count": 62530,
                            "self": 473.8926239941502,
                            "children": {
                                "SubprocessEnvManager._take_step": {
                                    "total": 3243.5842287200503,
                                    "count": 1504178,
                                    "self": 92.45292849576799,
                                    "children": {
                                        "TorchPolicy.evaluate": {
                                            "total": 3151.1313002242823,
                                            "count": 1500587,
                                            "self": 3151.1313002242823
                                        }
                                    }
                                },
                                "workers": {
                                    "total": 5.735515589942224,
                                    "count": 62530,
                                    "self": 0.0,
                                    "children": {
                                        "worker_root": {
                                            "total": 104560.92230317718,
                                            "count": 1504177,
                                            "is_parallel": true,
                                            "self": 100472.0195216841,
                                            "children": {
                                                "steps_from_proto": {
                                                    "total": 0.012317299784626812,